"panel","n","p","p_over_n","rho","alpha","M","metric","x_mean","x_mcse","y_mean","y_mcse","difference_y_minus_x_mean","difference_y_minus_x_mcse"
"fixed_p_varying_n",25,100,4,0.7,0.1,1000,"Trace bias",-4.42100714497338,0.145760428446937,-0.438549109347257,0.151833779632226,3.98245803562612,0.00607335118528904
"fixed_p_varying_n",25,100,4,0.7,0.1,1000,"Covariance error",1.05431600474874,0.00168816306166292,1.09464197032762,0.00182631217946131,0.0403259655788813,0.000147266268430544
"fixed_p_varying_n",25,100,4,0.7,0.1,1000,"Precision error",1.86212141424587,0.00389771132302377,1.7620640317947,0.00372595285691391,-0.100057382451166,0.000171923265582026
"fixed_p_varying_n",50,100,2,0.7,0.1,1000,"Trace bias",-1.9934921895258,0.107226976712343,0.00664062293286618,0.109415282359534,2.00013281245867,0.00218830564719069
"fixed_p_varying_n",50,100,2,0.7,0.1,1000,"Covariance error",0.758183278573333,0.000972192066783144,0.771636242448473,0.00102025644703352,0.0134529638751399,5.72276953257285e-05
"fixed_p_varying_n",50,100,2,0.7,0.1,1000,"Precision error",1.42160682296325,0.00220817767971383,1.38249133729323,0.00215621402744228,-0.0391154856700194,5.2243411503e-05
"fixed_p_varying_n",100,100,1,0.7,0.1,1000,"Trace bias",-0.989134823746231,0.0776453048428871,0.0109749255088616,0.0784296008514011,1.00010974925509,0.000784296008514011
"fixed_p_varying_n",100,100,1,0.7,0.1,1000,"Covariance error",0.54218863947017,0.00053415644950996,0.546360823156836,0.000548389237299259,0.0041721836866661,2.31068718442051e-05
"fixed_p_varying_n",100,100,1,0.7,0.1,1000,"Precision error",0.83550230801842,0.000917463047025556,0.82407636431824,0.000902936554387564,-0.01142594370018,1.50108621232994e-05
"fixed_p_varying_n",200,100,0.5,0.7,0.1,1000,"Trace bias",-0.465096675975733,0.0533889028067762,0.0350787176123365,0.0536571887505289,0.500175393588069,0.000268285943752652
"fixed_p_varying_n",200,100,0.5,0.7,0.1,1000,"Covariance error",0.38817235424478,0.000357863065981757,0.389254105979794,0.000362023445019062,0.00108175173501421,1.03005925007543e-05
"fixed_p_varying_n",200,100,0.5,0.7,0.1,1000,"Precision error",0.454714475845809,0.000280880154221767,0.452806404015216,0.000276479629666375,-0.001908071830593,5.32415059222607e-06
"fixed_p_varying_n",500,100,0.2,0.7,0.1,1000,"Trace bias",-0.252887193034566,0.0338076623641577,-0.0529931793933712,0.0338754131905388,0.199894013641195,6.77508263810721e-05
"fixed_p_varying_n",500,100,0.2,0.7,0.1,1000,"Covariance error",0.253719395102401,0.000223574517049816,0.253698909090772,0.000223207593935469,-2.0486011629533e-05,3.5124105655773e-06
"fixed_p_varying_n",500,100,0.2,0.7,0.1,1000,"Precision error",0.304430593875115,0.00010520412624318,0.305011530299146,0.000105338966466026,0.000580936424031165,1.03083300551504e-06
