"statistic","mean","mcse"
"LW_X_frob_cov",11.1788484801125,0.0074527853033273
"LW_Y_frob_cov",11.2001769342223,0.00780108831814914
"LW_X_frob_prec",23.0740062569723,0.0144334835334703
"LW_Y_frob_prec",23.4098029749182,0.014224031457859
"LW_X_trace_bias",-3.38224800967512,0.132854760702519
"LW_Y_trace_bias",-0.0506013893190808,0.137435959347434
"OAS_X_frob_cov",11.1574861819726,0.00709717224766737
"OAS_Y_frob_cov",11.164030669824,0.0071815644760105
"OAS_X_frob_prec",23.4052166720605,0.0136321542163701
"OAS_Y_frob_prec",23.7355851057559,0.0134102576851214
"OAS_X_trace_bias",-3.38224800967512,0.132854760702519
"OAS_Y_trace_bias",-0.050601389319081,0.137435959347434
