"n","p","ratio_p_n","alpha","precision_x","precision_x_mcse","precision_y","precision_y_mcse","difference_y_minus_x","difference_mcse"
100,25,0.25,0.05,0.411317998290449,0.00107274230852011,0.406295849811028,0.00104426174775702,-0.00502214847942145,3.52749943204186e-05
100,25,0.25,0.1,0.325604416486607,0.000453622577953984,0.32684465148566,0.00044708744755936,0.00124023499905317,2.77358970451194e-05
100,25,0.25,0.2,0.406350564550009,0.000513575383953779,0.411050745013605,0.000513806860328691,0.00470018046359605,4.80130874816844e-06
100,100,1,0.05,1.85936452901556,0.00174260799174014,1.83547080261364,0.00172387251304854,-0.0238937264019211,1.89175587071161e-05
100,100,1,0.1,0.834831532085426,0.000882588217323399,0.823402569036179,0.000868526427518225,-0.011428963049247,1.46019803646062e-05
100,100,1,0.2,0.451145123157171,0.000158309610483751,0.451559385716325,0.000153303727334878,0.000414262559154683,1.18621936561979e-05
100,500,5,0.05,4.35760443152798,0.00175676851542938,4.30635361594722,0.00173901284968005,-0.0512508155807589,1.7757025338302e-05
100,500,5,0.1,1.82071676702423,0.00085434019696929,1.79605052978445,0.00084489374695545,-0.0246662372397835,9.45155586994383e-06
100,500,5,0.2,0.692704096180078,0.000302053817776408,0.684469489426888,0.000294441007905461,-0.00823460675318975,7.64617802783343e-06
