"experiment","n","p","B","M","theoretical_factor","metric","mean","mcse"
"pca_sensitivity",10,5,2000,1000,1.11111111111111,"sample_eig_X_l1",10.4071902250623,0.127750036122892
"pca_sensitivity",10,5,2000,1000,1.11111111111111,"sample_eig_Y_l1",11.5635446945137,0.141944484580991
"pca_sensitivity",10,5,2000,1000,1.11111111111111,"sample_ratio_Y_X_l1",1.11111111111111,1.44878910942006e-17
"pca_sensitivity",10,5,2000,1000,1.11111111111111,"boot_mean_X_l1",10.3329020266846,0.114954290083783
"pca_sensitivity",10,5,2000,1000,1.11111111111111,"boot_mean_Y_l1",11.4810022518718,0.127726988981981
"pca_sensitivity",10,5,2000,1000,1.11111111111111,"boot_ratio_Y_X_l1",1.11111111111111,4.43199250619263e-18
"pca_sensitivity",10,5,2000,1000,1.11111111111111,"pct_cov_X_l1",0.903,0.00936368937324806
"pca_sensitivity",10,5,2000,1000,1.11111111111111,"pct_cov_Y_l1",0.933,0.00791034598317757
"pca_sensitivity",10,5,2000,1000,1.11111111111111,"pct_cov_diff_Y_minus_X_l1",0.03,0.00686637802244729
"pca_sensitivity",10,5,2000,1000,1.11111111111111,"pct_width_X_l1",13.0803673906653,0.187626137755315
"pca_sensitivity",10,5,2000,1000,1.11111111111111,"pct_width_Y_l1",14.5337415451837,0.208473486394795
"pca_sensitivity",10,5,2000,1000,1.11111111111111,"pct_width_ratio_Y_X_l1",1.11111111111111,2.18967108679756e-17
"pca_sensitivity",10,5,2000,1000,1.11111111111111,"sample_eig_X_l2",3.93031402622,0.0497788449903434
"pca_sensitivity",10,5,2000,1000,1.11111111111111,"sample_eig_Y_l2",4.36701558468889,0.0553098277670482
"pca_sensitivity",10,5,2000,1000,1.11111111111111,"sample_ratio_Y_X_l2",1.11111111111111,2.02673715237852e-17
"pca_sensitivity",10,5,2000,1000,1.11111111111111,"boot_mean_X_l2",3.19438597674768,0.0330114983300272
"pca_sensitivity",10,5,2000,1000,1.11111111111111,"boot_mean_Y_l2",3.54931775194187,0.0366794425889192
"pca_sensitivity",10,5,2000,1000,1.11111111111111,"boot_ratio_Y_X_l2",1.11111111111111,4.50926843415341e-18
"pca_sensitivity",10,5,2000,1000,1.11111111111111,"pct_cov_X_l2",0.573,0.0156497896444622
"pca_sensitivity",10,5,2000,1000,1.11111111111111,"pct_cov_Y_l2",0.685,0.0146966319607926
"pca_sensitivity",10,5,2000,1000,1.11111111111111,"pct_cov_diff_Y_minus_X_l2",0.112,0.00997775303139718
"pca_sensitivity",10,5,2000,1000,1.11111111111111,"pct_width_X_l2",4.37931611364054,0.0565189990178546
"pca_sensitivity",10,5,2000,1000,1.11111111111111,"pct_width_Y_l2",4.86590679293393,0.0627988877976162
"pca_sensitivity",10,5,2000,1000,1.11111111111111,"pct_width_ratio_Y_X_l2",1.11111111111111,2.846108590247e-17
"pca_sensitivity",20,5,2000,1000,1.05263157894737,"sample_eig_X_l1",10.3559167492977,0.10044114190476
"pca_sensitivity",20,5,2000,1000,1.05263157894737,"sample_eig_Y_l1",10.9009649992607,0.105727517794484
"pca_sensitivity",20,5,2000,1000,1.05263157894737,"sample_ratio_Y_X_l1",1.05263157894737,1.3662124656207e-17
"pca_sensitivity",20,5,2000,1000,1.05263157894737,"boot_mean_X_l1",10.5075904003145,0.0932425633976084
"pca_sensitivity",20,5,2000,1000,1.05263157894737,"boot_mean_Y_l1",11.0606214740153,0.0981500667343246
"pca_sensitivity",20,5,2000,1000,1.05263157894737,"boot_ratio_Y_X_l1",1.05263157894737,3.05413607917416e-18
"pca_sensitivity",20,5,2000,1000,1.05263157894737,"pct_cov_X_l1",0.933,0.00791034598317757
"pca_sensitivity",20,5,2000,1000,1.05263157894737,"pct_cov_Y_l1",0.936,0.00774364022691938
"pca_sensitivity",20,5,2000,1000,1.05263157894737,"pct_cov_diff_Y_minus_X_l1",0.003,0.00500160134517097
"pca_sensitivity",20,5,2000,1000,1.05263157894737,"pct_width_X_l1",10.7633353754231,0.130848526385247
"pca_sensitivity",20,5,2000,1000,1.05263157894737,"pct_width_Y_l1",11.3298267109717,0.137735290931839
"pca_sensitivity",20,5,2000,1000,1.05263157894737,"pct_width_ratio_Y_X_l1",1.05263157894737,2.37986735162047e-17
"pca_sensitivity",20,5,2000,1000,1.05263157894737,"sample_eig_X_l2",4.5496797195846,0.0405710692726225
"pca_sensitivity",20,5,2000,1000,1.05263157894737,"sample_eig_Y_l2",4.78913654693116,0.0427063887080237
"pca_sensitivity",20,5,2000,1000,1.05263157894737,"sample_ratio_Y_X_l2",1.05263157894737,1.83180821333839e-17
"pca_sensitivity",20,5,2000,1000,1.05263157894737,"boot_mean_X_l2",4.06429276636368,0.0303920064484519
"pca_sensitivity",20,5,2000,1000,1.05263157894737,"boot_mean_Y_l2",4.27820291196177,0.0319915857352125
"pca_sensitivity",20,5,2000,1000,1.05263157894737,"boot_ratio_Y_X_l2",1.05263157894737,3.31749221870059e-18
"pca_sensitivity",20,5,2000,1000,1.05263157894737,"pct_cov_X_l2",0.797,0.0127260737445983
"pca_sensitivity",20,5,2000,1000,1.05263157894737,"pct_cov_Y_l2",0.843,0.0115101469792303
"pca_sensitivity",20,5,2000,1000,1.05263157894737,"pct_cov_diff_Y_minus_X_l2",0.046,0.00662781471738068
"pca_sensitivity",20,5,2000,1000,1.05263157894737,"pct_width_X_l2",4.28159645333103,0.0417787435807479
"pca_sensitivity",20,5,2000,1000,1.05263157894737,"pct_width_Y_l2",4.5069436350853,0.0439776248218399
"pca_sensitivity",20,5,2000,1000,1.05263157894737,"pct_width_ratio_Y_X_l2",1.05263157894737,2.99877295497768e-17
"pca_sensitivity",30,5,2000,1000,1.03448275862069,"sample_eig_X_l1",10.1754481145608,0.0788545556622625
"pca_sensitivity",30,5,2000,1000,1.03448275862069,"sample_eig_Y_l1",10.5263256357525,0.081573678271306
"pca_sensitivity",30,5,2000,1000,1.03448275862069,"sample_ratio_Y_X_l1",1.03448275862069,1.35150303064077e-17
"pca_sensitivity",30,5,2000,1000,1.03448275862069,"boot_mean_X_l1",10.3170358351981,0.0742057261405292
"pca_sensitivity",30,5,2000,1000,1.03448275862069,"boot_mean_Y_l1",10.6727956915842,0.0767645442833061
"pca_sensitivity",30,5,2000,1000,1.03448275862069,"boot_ratio_Y_X_l1",1.03448275862069,2.98053162246081e-18
"pca_sensitivity",30,5,2000,1000,1.03448275862069,"pct_cov_X_l1",0.934,0.00785529793869753
"pca_sensitivity",30,5,2000,1000,1.03448275862069,"pct_cov_Y_l1",0.941,0.00745483565040669
"pca_sensitivity",30,5,2000,1000,1.03448275862069,"pct_cov_diff_Y_minus_X_l1",0.007,0.00538330567402409
"pca_sensitivity",30,5,2000,1000,1.03448275862069,"pct_width_X_l1",9.00506011166978,0.0879678133156753
"pca_sensitivity",30,5,2000,1000,1.03448275862069,"pct_width_Y_l1",9.31557942586529,0.0910011861886296
"pca_sensitivity",30,5,2000,1000,1.03448275862069,"pct_width_ratio_Y_X_l1",1.03448275862069,2.61842337113996e-17
"pca_sensitivity",30,5,2000,1000,1.03448275862069,"sample_eig_X_l2",4.67679702750711,0.037968370484367
"pca_sensitivity",30,5,2000,1000,1.03448275862069,"sample_eig_Y_l2",4.8380658905246,0.0392776246390003
"pca_sensitivity",30,5,2000,1000,1.03448275862069,"sample_ratio_Y_X_l2",1.03448275862069,1.76526442940828e-17
"pca_sensitivity",30,5,2000,1000,1.03448275862069,"boot_mean_X_l2",4.32450039823052,0.0303969104364857
"pca_sensitivity",30,5,2000,1000,1.03448275862069,"boot_mean_Y_l2",4.47362110161778,0.0314450797618818
"pca_sensitivity",30,5,2000,1000,1.03448275862069,"boot_ratio_Y_X_l2",1.03448275862069,2.98879940983414e-18
"pca_sensitivity",30,5,2000,1000,1.03448275862069,"pct_cov_X_l2",0.823,0.0120754634203751
"pca_sensitivity",30,5,2000,1000,1.03448275862069,"pct_cov_Y_l2",0.861,0.0109452637610429
"pca_sensitivity",30,5,2000,1000,1.03448275862069,"pct_cov_diff_Y_minus_X_l2",0.038,0.00604918115058498
"pca_sensitivity",30,5,2000,1000,1.03448275862069,"pct_width_X_l2",3.84150553985625,0.0353088180636095
"pca_sensitivity",30,5,2000,1000,1.03448275862069,"pct_width_Y_l2",3.97397124812715,0.0365263635140788
"pca_sensitivity",30,5,2000,1000,1.03448275862069,"pct_width_ratio_Y_X_l2",1.03448275862069,3.40239285616575e-17
"pca_sensitivity",50,5,2000,1000,1.02040816326531,"sample_eig_X_l1",10.1687642512848,0.0615486699762056
"pca_sensitivity",50,5,2000,1000,1.02040816326531,"sample_eig_Y_l1",10.3762900523314,0.0628047652818424
"pca_sensitivity",50,5,2000,1000,1.02040816326531,"sample_ratio_Y_X_l1",1.02040816326531,1.40310282654943e-17
"pca_sensitivity",50,5,2000,1000,1.02040816326531,"boot_mean_X_l1",10.2598979767427,0.0590015650049768
"pca_sensitivity",50,5,2000,1000,1.02040816326531,"boot_mean_Y_l1",10.4692836497374,0.060205678576507
"pca_sensitivity",50,5,2000,1000,1.02040816326531,"boot_ratio_Y_X_l1",1.02040816326531,4.69164248875359e-18
"pca_sensitivity",50,5,2000,1000,1.02040816326531,"pct_cov_X_l1",0.943,0.0073351758537069
"pca_sensitivity",50,5,2000,1000,1.02040816326531,"pct_cov_Y_l1",0.948,0.00702462421381709
"pca_sensitivity",50,5,2000,1000,1.02040816326531,"pct_cov_diff_Y_minus_X_l1",0.005,0.00360388512413867
"pca_sensitivity",50,5,2000,1000,1.02040816326531,"pct_width_X_l1",7.32870038029748,0.058403893603771
"pca_sensitivity",50,5,2000,1000,1.02040816326531,"pct_width_Y_l1",7.47826569418111,0.0595958097997663
"pca_sensitivity",50,5,2000,1000,1.02040816326531,"pct_width_ratio_Y_X_l1",1.02040816326531,3.19216962122975e-17
"pca_sensitivity",50,5,2000,1000,1.02040816326531,"sample_eig_X_l2",4.80878828626721,0.0293663099397814
"pca_sensitivity",50,5,2000,1000,1.02040816326531,"sample_eig_Y_l2",4.90692682272164,0.029965622387532
"pca_sensitivity",50,5,2000,1000,1.02040816326531,"sample_ratio_Y_X_l2",1.02040816326531,1.86385860885972e-17
"pca_sensitivity",50,5,2000,1000,1.02040816326531,"boot_mean_X_l2",4.59709696877819,0.0254018770516842
"pca_sensitivity",50,5,2000,1000,1.02040816326531,"boot_mean_Y_l2",4.69091527426346,0.0259202827058002
"pca_sensitivity",50,5,2000,1000,1.02040816326531,"boot_ratio_Y_X_l2",1.02040816326531,4.73353298500881e-18
"pca_sensitivity",50,5,2000,1000,1.02040816326531,"pct_cov_X_l2",0.891,0.00985982840703712
"pca_sensitivity",50,5,2000,1000,1.02040816326531,"pct_cov_Y_l2",0.909,0.00909954953840034
"pca_sensitivity",50,5,2000,1000,1.02040816326531,"pct_cov_diff_Y_minus_X_l2",0.018,0.00420638724961144
"pca_sensitivity",50,5,2000,1000,1.02040816326531,"pct_width_X_l2",3.30800795664425,0.0236493397549239
"pca_sensitivity",50,5,2000,1000,1.02040816326531,"pct_width_Y_l2",3.37551832310638,0.0241319793417591
"pca_sensitivity",50,5,2000,1000,1.02040816326531,"pct_width_ratio_Y_X_l2",1.02040816326531,3.87812865928448e-17
"pca_sensitivity",100,5,2000,1000,1.01010101010101,"sample_eig_X_l1",10.0976041105484,0.0457426395162461
"pca_sensitivity",100,5,2000,1000,1.01010101010101,"sample_eig_Y_l1",10.1996001116651,0.0462046863800465
"pca_sensitivity",100,5,2000,1000,1.01010101010101,"sample_ratio_Y_X_l1",1.01010101010101,1.38629435551104e-17
"pca_sensitivity",100,5,2000,1000,1.01010101010101,"boot_mean_X_l1",10.1425600385234,0.0446797694212926
"pca_sensitivity",100,5,2000,1000,1.01010101010101,"boot_mean_Y_l1",10.2450101399226,0.0451310802235279
"pca_sensitivity",100,5,2000,1000,1.01010101010101,"boot_ratio_Y_X_l1",1.01010101010101,2.5134049507022e-18
"pca_sensitivity",100,5,2000,1000,1.01010101010101,"pct_cov_X_l1",0.931,0.00801893405031512
"pca_sensitivity",100,5,2000,1000,1.01010101010101,"pct_cov_Y_l1",0.932,0.00796488791129162
"pca_sensitivity",100,5,2000,1000,1.01010101010101,"pct_cov_diff_Y_minus_X_l1",0.001,0.00264688609615261
"pca_sensitivity",100,5,2000,1000,1.01010101010101,"pct_width_X_l1",5.39445906403142,0.0331809407278537
"pca_sensitivity",100,5,2000,1000,1.01010101010101,"pct_width_Y_l1",5.44894854952669,0.0335161017453067
"pca_sensitivity",100,5,2000,1000,1.01010101010101,"pct_width_ratio_Y_X_l1",1.01010101010101,3.96683267232712e-17
"pca_sensitivity",100,5,2000,1000,1.01010101010101,"sample_eig_X_l2",4.91453955931163,0.0211610651358291
"pca_sensitivity",100,5,2000,1000,1.01010101010101,"sample_eig_Y_l2",4.96418137304205,0.0213748132685142
"pca_sensitivity",100,5,2000,1000,1.01010101010101,"sample_ratio_Y_X_l2",1.01010101010101,2.02977875020047e-17
"pca_sensitivity",100,5,2000,1000,1.01010101010101,"boot_mean_X_l2",4.80916842624591,0.0198386847469313
"pca_sensitivity",100,5,2000,1000,1.01010101010101,"boot_mean_Y_l2",4.85774588509688,0.0200390755019508
"pca_sensitivity",100,5,2000,1000,1.01010101010101,"boot_ratio_Y_X_l2",1.01010101010101,2.90506287623253e-18
"pca_sensitivity",100,5,2000,1000,1.01010101010101,"pct_cov_X_l2",0.923,0.00843458014024066
"pca_sensitivity",100,5,2000,1000,1.01010101010101,"pct_cov_Y_l2",0.925,0.00833333333333333
"pca_sensitivity",100,5,2000,1000,1.01010101010101,"pct_cov_diff_Y_minus_X_l2",0.002,0.00141350557055782
"pca_sensitivity",100,5,2000,1000,1.01010101010101,"pct_width_X_l2",2.55764758627591,0.0137279520259354
"pca_sensitivity",100,5,2000,1000,1.01010101010101,"pct_width_Y_l2",2.58348241037971,0.0138666182080156
"pca_sensitivity",100,5,2000,1000,1.01010101010101,"pct_width_ratio_Y_X_l2",1.01010101010101,5.35464393589856e-17
"pca_sensitivity",250,5,2000,1000,1.00401606425703,"sample_eig_X_l1",10.0478031327416,0.0276028437609327
"pca_sensitivity",250,5,2000,1000,1.00401606425703,"sample_eig_Y_l1",10.0881557557646,0.0277136985551533
"pca_sensitivity",250,5,2000,1000,1.00401606425703,"sample_ratio_Y_X_l1",1.00401606425703,1.53528723989803e-17
"pca_sensitivity",250,5,2000,1000,1.00401606425703,"boot_mean_X_l1",10.0650170310612,0.0273586445431922
"pca_sensitivity",250,5,2000,1000,1.00401606425703,"boot_mean_Y_l1",10.105438786206,0.0274685186176629
"pca_sensitivity",250,5,2000,1000,1.00401606425703,"boot_ratio_Y_X_l1",1.00401606425703,2.96392686026777e-18
"pca_sensitivity",250,5,2000,1000,1.00401606425703,"pct_cov_X_l1",0.956,0.00648892179842739
"pca_sensitivity",250,5,2000,1000,1.00401606425703,"pct_cov_Y_l1",0.957,0.00641811437979974
"pca_sensitivity",250,5,2000,1000,1.00401606425703,"pct_cov_diff_Y_minus_X_l1",0.001,0.00223696312084129
"pca_sensitivity",250,5,2000,1000,1.00401606425703,"pct_width_X_l1",3.46830856644219,0.0131708597433283
"pca_sensitivity",250,5,2000,1000,1.00401606425703,"pct_width_Y_l1",3.48223751650823,0.0132237547623778
"pca_sensitivity",250,5,2000,1000,1.00401606425703,"pct_width_ratio_Y_X_l1",1.00401606425703,6.40405982241418e-17
"pca_sensitivity",250,5,2000,1000,1.00401606425703,"sample_eig_X_l2",4.95201125575392,0.0137027186136668
"pca_sensitivity",250,5,2000,1000,1.00401606425703,"sample_eig_Y_l2",4.97189885115856,0.0137577496121153
"pca_sensitivity",250,5,2000,1000,1.00401606425703,"sample_ratio_Y_X_l2",1.00401606425703,2.50524276740467e-17
"pca_sensitivity",250,5,2000,1000,1.00401606425703,"boot_mean_X_l2",4.91198993133109,0.0133896972529833
"pca_sensitivity",250,5,2000,1000,1.00401606425703,"boot_mean_Y_l2",4.93171679852519,0.0134434711375335
"pca_sensitivity",250,5,2000,1000,1.00401606425703,"boot_ratio_Y_X_l2",1.00401606425703,3.02979994569034e-18
"pca_sensitivity",250,5,2000,1000,1.00401606425703,"pct_cov_X_l2",0.946,0.00715088352129547
"pca_sensitivity",250,5,2000,1000,1.00401606425703,"pct_cov_Y_l2",0.95,0.00689547297489792
"pca_sensitivity",250,5,2000,1000,1.00401606425703,"pct_cov_diff_Y_minus_X_l2",0.004,0.00244744560511362
"pca_sensitivity",250,5,2000,1000,1.00401606425703,"pct_width_X_l2",1.69442823410017,0.00611146346702105
"pca_sensitivity",250,5,2000,1000,1.00401606425703,"pct_width_Y_l2",1.70123316676723,0.00613600749700908
"pca_sensitivity",250,5,2000,1000,1.00401606425703,"pct_width_ratio_Y_X_l2",1.00401606425703,1.0152734723291e-16
